

INSERT INTO AD_PLACEMENTS(AD_PLACEMENT_ID, DEVICE_TYPE, LAT, LANG)
VALUES (1, 'Mobile', '20.060', '35.070');
INSERT INTO AD_PLACEMENTS(AD_PLACEMENT_ID, DEVICE_TYPE, LAT, LANG)
VALUES (2, 'Desktop', '20.060', '35.070');
INSERT INTO AD_PLACEMENTS(AD_PLACEMENT_ID, DEVICE_TYPE, LAT, LANG)
VALUES (3, 'Mobile', '20.060', '35.070');
INSERT INTO AD_PLACEMENTS(AD_PLACEMENT_ID, DEVICE_TYPE, LAT, LANG)
VALUES (4, 'Phone', '20.060', '35.070');
INSERT INTO AD_PLACEMENTS(AD_PLACEMENT_ID, DEVICE_TYPE, LAT, LANG)
VALUES (5, 'Tablets', '20.060', '35.070');


INSERT INTO AD_CREATIVES(AD_CREATIVE_ID,IMAGE_URL, DEVICE_TYPE, LAT, LANG)
VALUES (1, 'https://picsum.photos/200', 'Mobile', '20.06', '35.07');
INSERT INTO AD_CREATIVES(AD_CREATIVE_ID,IMAGE_URL, DEVICE_TYPE, LAT, LANG)
VALUES (2, 'https://picsum.photos/300', 'DeskTop', '20.06', '35.07');
INSERT INTO AD_CREATIVES(AD_CREATIVE_ID,IMAGE_URL, DEVICE_TYPE, LAT, LANG)
VALUES (3, 'https://picsum.photos/400', 'Mobile', '20.06', '35.07');
INSERT INTO AD_CREATIVES(AD_CREATIVE_ID,IMAGE_URL, DEVICE_TYPE, LAT, LANG)
VALUES (4, 'https://picsum.photos/500', 'Phone', '20.06', '35.07');
INSERT INTO AD_CREATIVES(AD_CREATIVE_ID,IMAGE_URL, DEVICE_TYPE, LAT, LANG)
VALUES (5, 'https://picsum.photos/600', 'Tablets', '20.06', '35.07');



INSERT INTO AD_PLACEMENT_CONDITION( AD_CREATIVE_ID, AD_PLACEMENT_ID)
VALUES ( 2, 1);
INSERT INTO AD_PLACEMENT_CONDITION( AD_CREATIVE_ID, AD_PLACEMENT_ID)
VALUES (3, 1);
INSERT INTO AD_PLACEMENT_CONDITION( AD_CREATIVE_ID, AD_PLACEMENT_ID)
VALUES (4, 1);
INSERT INTO AD_PLACEMENT_CONDITION(AD_CREATIVE_ID, AD_PLACEMENT_ID)
VALUES (5, 1);
INSERT INTO AD_PLACEMENT_CONDITION(AD_CREATIVE_ID, AD_PLACEMENT_ID)
VALUES (1, 2);
INSERT INTO AD_PLACEMENT_CONDITION(AD_CREATIVE_ID, AD_PLACEMENT_ID)
VALUES (3, 2);
INSERT INTO AD_PLACEMENT_CONDITION(AD_CREATIVE_ID, AD_PLACEMENT_ID)
VALUES (4, 2);
INSERT INTO AD_PLACEMENT_CONDITION(AD_CREATIVE_ID, AD_PLACEMENT_ID)
VALUES (1, 3);
INSERT INTO AD_PLACEMENT_CONDITION(AD_CREATIVE_ID, AD_PLACEMENT_ID)
VALUES (4, 3);
INSERT INTO AD_PLACEMENT_CONDITION(AD_CREATIVE_ID, AD_PLACEMENT_ID)
VALUES (5, 3);
INSERT INTO AD_PLACEMENT_CONDITION(AD_CREATIVE_ID, AD_PLACEMENT_ID)
VALUES (2, 4);
INSERT INTO AD_PLACEMENT_CONDITION(AD_CREATIVE_ID, AD_PLACEMENT_ID)
VALUES (3, 5);

COMMIT;

